id,lastmod
Q57352,2022-12-02T14:19:35Z
Q57726,2022-11-16T04:06:20Z
Q58140,2022-11-22T09:50:14Z
Q58171,2022-08-22T11:14:55Z
Q4666152,2022-11-22T09:47:53Z
Q4696094,2022-09-16T04:47:49Z
Q4714362,2022-07-10T22:12:37Z
Q5331994,2021-10-13T13:01:28Z
Q5429567,2021-10-13T13:05:08Z
Q5431085,2021-10-13T13:07:25Z
Q6127890,2022-11-22T09:48:20Z
Q6165879,2022-09-16T05:24:21Z
Q6355372,2022-11-19T03:26:22Z
Q6399738,2022-10-08T06:38:27Z
Q6495425,2022-11-01T14:12:48Z
Q6932875,2022-11-22T10:06:56Z
Q16115995,2022-09-16T06:36:46Z
Q16190522,2021-10-13T12:50:35Z
Q16730783,2022-11-22T10:17:50Z
Q16730784,2022-11-22T09:47:28Z
Q18922847,2022-09-16T05:34:47Z
Q20386058,2022-10-14T16:07:50Z
Q20402357,2022-01-10T11:14:49Z
Q20408969,2022-10-14T16:13:55Z
Q20420786,2021-10-13T13:12:52Z
Q20422627,2022-10-14T16:19:32Z
Q22687699,2021-03-30T03:35:40Z
Q28474385,2022-11-21T07:06:45Z
Q28510307,2020-12-09T09:33:48Z
Q28968147,2022-09-16T18:20:49Z
Q42822269,2022-10-14T14:22:43Z
Q43296389,2022-10-14T14:29:01Z
Q47495164,2022-10-15T00:23:52Z
Q60191533,2022-12-05T08:12:56Z
Q60914577,2022-09-16T04:49:26Z
Q98804586,2022-09-16T05:47:20Z
Q98885149,2022-11-22T09:35:22Z
Q99968427,2022-09-16T05:47:58Z
Q105226570,2022-12-07T07:31:15Z
Q112326281,2022-11-22T09:45:47Z
Q113581946,2022-08-23T07:02:03Z
Q113990485,2022-11-22T09:47:15Z
Q113992841,2022-11-22T09:47:39Z
Q113992842,2022-09-16T06:37:33Z
Q113992843,2022-11-22T09:49:57Z
Q113992844,2022-11-22T09:48:35Z
Q113992845,2022-12-09T13:27:42Z
Q113992871,2022-11-22T09:53:28Z
Q113992878,2022-09-16T06:55:06Z
Q113992885,2022-11-22T09:45:54Z
Q113992886,2022-11-22T09:47:59Z
Q113992890,2022-11-22T09:48:05Z
Q113992892,2022-09-16T06:54:49Z
Q113992894,2022-11-22T09:48:46Z
Q113992895,2022-11-22T09:46:26Z
Q113992957,2022-09-16T06:53:26Z
Q113992960,2022-11-22T09:45:58Z
Q113993088,2022-11-22T09:46:36Z
Q113993090,2022-11-22T09:46:13Z
Q113993092,2022-11-22T09:48:28Z
Q115343006,2022-11-22T09:47:47Z
Q115343224,2022-11-22T09:47:02Z
Q115343267,2022-11-22T09:46:02Z
